t,x,y,x_out,y_out
0,0.54378,0.20457,0,0
1,0.54378,0.20457,0.54378,0.20457
2,0.54378,0.20457,1.0876,0.31114
3,0.54378,0.20457,1.6314,0.31971
4,0.54378,0.20457,2.1751,0.23028
5,0.54378,0.20457,2.7189,0.042855
0,0.50327,0.69713,0,0
1,0.50327,0.69713,0.50327,0.69713
2,0.50327,0.69713,1.0065,1.2963
3,0.50327,0.69713,1.5098,1.7974
4,0.50327,0.69713,2.0131,2.2005
5,0.50327,0.69713,2.5164,2.5057
6,0.50327,0.69713,3.0196,2.7128
7,0.50327,0.69713,3.5229,2.8219
8,0.50327,0.69713,4.0262,2.8331
9,0.50327,0.69713,4.5295,2.7462
10,0.50327,0.69713,5.0327,2.5613
11,0.50327,0.69713,5.536,2.2785
12,0.50327,0.69713,6.0393,1.8976
13,0.50327,0.69713,6.5426,1.4187
14,0.50327,0.69713,7.0458,0.84187
15,0.50327,0.69713,7.5491,0.16701
0,0.47918,0.31209,0,0
1,0.47918,0.31209,0.47918,0.31209
2,0.47918,0.31209,0.95836,0.52618
3,0.47918,0.31209,1.4375,0.64227
4,0.47918,0.31209,1.9167,0.66036
5,0.47918,0.31209,2.3959,0.58045
6,0.47918,0.31209,2.8751,0.40253
7,0.47918,0.31209,3.3543,0.12662
0,1.1328,1.3499,0,0
1,1.1328,1.3499,1.1328,1.3499
2,1.1328,1.3499,2.2656,2.6017
3,1.1328,1.3499,3.3983,3.7556
4,1.1328,1.3499,4.5311,4.8115
5,1.1328,1.3499,5.6639,5.7693
6,1.1328,1.3499,6.7967,6.6292
7,1.1328,1.3499,7.9294,7.391
8,1.1328,1.3499,9.0622,8.0549
9,1.1328,1.3499,10.195,8.6208
10,1.1328,1.3499,11.328,9.0886
11,1.1328,1.3499,12.461,9.4585
12,1.1328,1.3499,13.593,9.7304
13,1.1328,1.3499,14.726,9.9042
14,1.1328,1.3499,15.859,9.9801
15,1.1328,1.3499,16.992,9.9579
16,1.1328,1.3499,18.124,9.8378
17,1.1328,1.3499,19.257,9.6197
18,1.1328,1.3499,20.39,9.3035
19,1.1328,1.3499,21.523,8.8894
20,1.1328,1.3499,22.656,8.3773
21,1.1328,1.3499,23.788,7.7671
22,1.1328,1.3499,24.921,7.059
23,1.1328,1.3499,26.054,6.2528
24,1.1328,1.3499,27.187,5.3487
25,1.1328,1.3499,28.319,4.3466
26,1.1328,1.3499,29.452,3.2464
27,1.1328,1.3499,30.585,2.0483
28,1.1328,1.3499,31.718,0.75216
0,0.76412,1.0027,0,0
1,0.76412,1.0027,0.76412,1.0027
2,0.76412,1.0027,1.5282,1.9074
3,0.76412,1.0027,2.2924,2.7142
4,0.76412,1.0027,3.0565,3.4229
5,0.76412,1.0027,3.8206,4.0336
6,0.76412,1.0027,4.5847,4.5463
7,0.76412,1.0027,5.3488,4.9611
8,0.76412,1.0027,6.113,5.2778
9,0.76412,1.0027,6.8771,5.4965
10,0.76412,1.0027,7.6412,5.6172
11,0.76412,1.0027,8.4053,5.6399
12,0.76412,1.0027,9.1694,5.5647
13,0.76412,1.0027,9.9336,5.3914
14,0.76412,1.0027,10.698,5.1201
15,0.76412,1.0027,11.462,4.7508
16,0.76412,1.0027,12.226,4.2836
17,0.76412,1.0027,12.99,3.7183
18,0.76412,1.0027,13.754,3.055
19,0.76412,1.0027,14.518,2.2937
20,0.76412,1.0027,15.282,1.4344
21,0.76412,1.0027,16.047,0.47716
0,0.82219,0.31706,0,0
1,0.82219,0.31706,0.82219,0.31706
2,0.82219,0.31706,1.6444,0.53613
3,0.82219,0.31706,2.4666,0.65719
4,0.82219,0.31706,3.2888,0.68025
5,0.82219,0.31706,4.111,0.60531
6,0.82219,0.31706,4.9331,0.43238
7,0.82219,0.31706,5.7553,0.16144
0,1.2257,0.97946,0,0
1,1.2257,0.97946,1.2257,0.97946
2,1.2257,0.97946,2.4513,1.8609
3,1.2257,0.97946,3.677,2.6444
4,1.2257,0.97946,4.9027,3.3298
5,1.2257,0.97946,6.1284,3.9173
6,1.2257,0.97946,7.354,4.4068
7,1.2257,0.97946,8.5797,4.7982
8,1.2257,0.97946,9.8054,5.0917
9,1.2257,0.97946,11.031,5.2871
10,1.2257,0.97946,12.257,5.3846
11,1.2257,0.97946,13.482,5.3841
12,1.2257,0.97946,14.708,5.2855
13,1.2257,0.97946,15.934,5.089
14,1.2257,0.97946,17.159,4.7944
15,1.2257,0.97946,18.385,4.4019
16,1.2257,0.97946,19.611,3.9114
17,1.2257,0.97946,20.836,3.3228
18,1.2257,0.97946,22.062,2.6363
19,1.2257,0.97946,23.288,1.8517
20,1.2257,0.97946,24.513,0.9692
0,0.062932,0.028715,0,0
1,0.062932,0.028715,0.062932,0.028715
0,0.68099,1.2875,0,0
1,0.68099,1.2875,0.68099,1.2875
2,0.68099,1.2875,1.362,2.477
3,0.68099,1.2875,2.043,3.5685
4,0.68099,1.2875,2.7239,4.562
5,0.68099,1.2875,3.4049,5.4575
6,0.68099,1.2875,4.0859,6.2551
7,0.68099,1.2875,4.7669,6.9546
8,0.68099,1.2875,5.4479,7.5561
9,0.68099,1.2875,6.1289,8.0596
10,0.68099,1.2875,6.8099,8.4651
11,0.68099,1.2875,7.4908,8.7726
12,0.68099,1.2875,8.1718,8.9821
13,0.68099,1.2875,8.8528,9.0936
14,0.68099,1.2875,9.5338,9.1071
15,0.68099,1.2875,10.215,9.0226
16,0.68099,1.2875,10.896,8.8402
17,0.68099,1.2875,11.577,8.5597
18,0.68099,1.2875,12.258,8.1812
19,0.68099,1.2875,12.939,7.7047
20,0.68099,1.2875,13.62,7.1302
21,0.68099,1.2875,14.301,6.4577
22,0.68099,1.2875,14.982,5.6872
23,0.68099,1.2875,15.663,4.8187
24,0.68099,1.2875,16.344,3.8522
25,0.68099,1.2875,17.025,2.7877
26,0.68099,1.2875,17.706,1.6253
27,0.68099,1.2875,18.387,0.36476
0,1.0519,0.27261,0,0
1,1.0519,0.27261,1.0519,0.27261
2,1.0519,0.27261,2.1039,0.44722
3,1.0519,0.27261,3.1558,0.52383
4,1.0519,0.27261,4.2077,0.50244
5,1.0519,0.27261,5.2597,0.38304
6,1.0519,0.27261,6.3116,0.16565
0,0.37094,0.54463,0,0
1,0.37094,0.54463,0.37094,0.54463
2,0.37094,0.54463,0.74189,0.99127
3,0.37094,0.54463,1.1128,1.3399
4,0.37094,0.54463,1.4838,1.5905
5,0.37094,0.54463,1.8547,1.7432
6,0.37094,0.54463,2.2257,1.7978
7,0.37094,0.54463,2.5966,1.7544
8,0.37094,0.54463,2.9675,1.6131
9,0.37094,0.54463,3.3385,1.3737
10,0.37094,0.54463,3.7094,1.0363
11,0.37094,0.54463,4.0804,0.60097
12,0.37094,0.54463,4.4513,0.067604
0,0.027835,0.14905,0,0
1,0.027835,0.14905,0.027835,0.14905
2,0.027835,0.14905,0.055669,0.20011
3,0.027835,0.14905,0.083504,0.15316
4,0.027835,0.14905,0.11134,0.0082145
0,0.58143,1.5485,0,0
1,0.58143,1.5485,0.58143,1.5485
2,0.58143,1.5485,1.1629,2.999
3,0.58143,1.5485,1.7443,4.3514
4,0.58143,1.5485,2.3257,5.6059
5,0.58143,1.5485,2.9072,6.7624
6,0.58143,1.5485,3.4886,7.8209
7,0.58143,1.5485,4.07,8.7813
8,0.58143,1.5485,4.6515,9.6438
9,0.58143,1.5485,5.2329,10.408
10,0.58143,1.5485,5.8143,11.075
11,0.58143,1.5485,6.3958,11.643
12,0.58143,1.5485,6.9772,12.114
13,0.58143,1.5485,7.5586,12.486
14,0.58143,1.5485,8.1401,12.761
15,0.58143,1.5485,8.7215,12.937
16,0.58143,1.5485,9.3029,13.016
17,0.58143,1.5485,9.8844,12.996
18,0.58143,1.5485,10.466,12.879
19,0.58143,1.5485,11.047,12.663
20,0.58143,1.5485,11.629,12.35
21,0.58143,1.5485,12.21,11.938
22,0.58143,1.5485,12.792,11.429
23,0.58143,1.5485,13.373,10.821
24,0.58143,1.5485,13.954,10.115
25,0.58143,1.5485,14.536,9.3119
26,0.58143,1.5485,15.117,8.4104
27,0.58143,1.5485,15.699,7.4109
28,0.58143,1.5485,16.28,6.3134
29,0.58143,1.5485,16.862,5.1178
30,0.58143,1.5485,17.443,3.8243
31,0.58143,1.5485,18.024,2.4328
32,0.58143,1.5485,18.606,0.94328
0,1.4183,0.43935,0,0
1,1.4183,0.43935,1.4183,0.43935
2,1.4183,0.43935,2.8366,0.7807
3,1.4183,0.43935,4.2548,1.0241
4,1.4183,0.43935,5.6731,1.1694
5,1.4183,0.43935,7.0914,1.2168
6,1.4183,0.43935,8.5097,1.1661
7,1.4183,0.43935,9.9279,1.0175
8,1.4183,0.43935,11.346,0.77082
9,1.4183,0.43935,12.765,0.42617
0,0.54813,0.19504,0,0
1,0.54813,0.19504,0.54813,0.19504
2,0.54813,0.19504,1.0963,0.29208
3,0.54813,0.19504,1.6444,0.29113
4,0.54813,0.19504,2.1925,0.19217
0,0.066309,1.8498,0,0
1,0.066309,1.8498,0.066309,1.8498
2,0.066309,1.8498,0.13262,3.6017
3,0.066309,1.8498,0.19893,5.2555
4,0.066309,1.8498,0.26524,6.8114
5,0.066309,1.8498,0.33155,8.2692
6,0.066309,1.8498,0.39785,9.6291
7,0.066309,1.8498,0.46416,10.891
8,0.066309,1.8498,0.53047,12.055
9,0.066309,1.8498,0.59678,13.121
10,0.066309,1.8498,0.66309,14.088
11,0.066309,1.8498,0.7294,14.958
12,0.066309,1.8498,0.79571,15.73
13,0.066309,1.8498,0.86202,16.404
14,0.066309,1.8498,0.92833,16.98
15,0.066309,1.8498,0.99464,17.458
16,0.066309,1.8498,1.0609,17.837
17,0.066309,1.8498,1.1273,18.119
18,0.066309,1.8498,1.1936,18.303
19,0.066309,1.8498,1.2599,18.389
20,0.066309,1.8498,1.3262,18.377
21,0.066309,1.8498,1.3925,18.267
22,0.066309,1.8498,1.4588,18.059
23,0.066309,1.8498,1.5251,17.752
24,0.066309,1.8498,1.5914,17.348
25,0.066309,1.8498,1.6577,16.846
26,0.066309,1.8498,1.724,16.246
27,0.066309,1.8498,1.7903,15.548
28,0.066309,1.8498,1.8567,14.752
29,0.066309,1.8498,1.923,13.857
30,0.066309,1.8498,1.9893,12.865
31,0.066309,1.8498,2.0556,11.775
32,0.066309,1.8498,2.1219,10.587
33,0.066309,1.8498,2.1882,9.3008
34,0.066309,1.8498,2.2545,7.9166
35,0.066309,1.8498,2.3208,6.4345
36,0.066309,1.8498,2.3871,4.8543
37,0.066309,1.8498,2.4534,3.1762
38,0.066309,1.8498,2.5197,1.4
0,1.2958,1.3406,0,0
1,1.2958,1.3406,1.2958,1.3406
2,1.2958,1.3406,2.5916,2.5831
3,1.2958,1.3406,3.8874,3.7277
4,1.2958,1.3406,5.1832,4.7743
5,1.2958,1.3406,6.479,5.7229
6,1.2958,1.3406,7.7748,6.5734
7,1.2958,1.3406,9.0706,7.326
8,1.2958,1.3406,10.366,7.9806
9,1.2958,1.3406,11.662,8.5371
10,1.2958,1.3406,12.958,8.9957
11,1.2958,1.3406,14.254,9.3563
12,1.2958,1.3406,15.55,9.6189
13,1.2958,1.3406,16.845,9.7834
14,1.2958,1.3406,18.141,9.85
15,1.2958,1.3406,19.437,9.8186
16,1.2958,1.3406,20.733,9.6892
17,1.2958,1.3406,22.029,9.4617
18,1.2958,1.3406,23.324,9.1363
19,1.2958,1.3406,24.62,8.7129
20,1.2958,1.3406,25.916,8.1914
21,1.2958,1.3406,27.212,7.572
22,1.2958,1.3406,28.508,6.8546
23,1.2958,1.3406,29.803,6.0392
24,1.2958,1.3406,31.099,5.1257
25,1.2958,1.3406,32.395,4.1143
26,1.2958,1.3406,33.691,3.0049
27,1.2958,1.3406,34.987,1.7974
28,1.2958,1.3406,36.282,0.49202
0,0.28366,0.04867,0,0
1,0.28366,0.04867,0.28366,0.04867
0,0.087712,0.23789,0,0
1,0.087712,0.23789,0.087712,0.23789
2,0.087712,0.23789,0.17542,0.37778
3,0.087712,0.23789,0.26313,0.41967
4,0.087712,0.23789,0.35085,0.36357
5,0.087712,0.23789,0.43856,0.20946
0,0.80296,0.84277,0,0
1,0.80296,0.84277,0.80296,0.84277
2,0.80296,0.84277,1.6059,1.5875
3,0.80296,0.84277,2.4089,2.2343
4,0.80296,0.84277,3.2118,2.7831
5,0.80296,0.84277,4.0148,3.2339
6,0.80296,0.84277,4.8177,3.5866
7,0.80296,0.84277,5.6207,3.8414
8,0.80296,0.84277,6.4237,3.9982
9,0.80296,0.84277,7.2266,4.057
10,0.80296,0.84277,8.0296,4.0177
11,0.80296,0.84277,8.8325,3.8805
12,0.80296,0.84277,9.6355,3.6453
13,0.80296,0.84277,10.438,3.3121
14,0.80296,0.84277,11.241,2.8808
15,0.80296,0.84277,12.044,2.3516
16,0.80296,0.84277,12.847,1.7244
17,0.80296,0.84277,13.65,0.99915
18,0.80296,0.84277,14.453,0.17593
0,0.58143,1.5485,0,0
1,0.58143,1.5485,0.58143,1.5485
2,0.58143,1.5485,1.1629,2.999
3,0.58143,1.5485,1.7443,4.3514
4,0.58143,1.5485,2.3257,5.6059
5,0.58143,1.5485,2.9072,6.7624
6,0.58143,1.5485,3.4886,7.8209
7,0.58143,1.5485,4.07,8.7813
8,0.58143,1.5485,4.6515,9.6438
9,0.58143,1.5485,5.2329,10.408
10,0.58143,1.5485,5.8143,11.075
11,0.58143,1.5485,6.3958,11.643
12,0.58143,1.5485,6.9772,12.114
13,0.58143,1.5485,7.5586,12.486
14,0.58143,1.5485,8.1401,12.761
15,0.58143,1.5485,8.7215,12.937
16,0.58143,1.5485,9.3029,13.016
17,0.58143,1.5485,9.8844,12.996
18,0.58143,1.5485,10.466,12.879
19,0.58143,1.5485,11.047,12.663
20,0.58143,1.5485,11.629,12.35
21,0.58143,1.5485,12.21,11.938
22,0.58143,1.5485,12.792,11.429
23,0.58143,1.5485,13.373,10.821
24,0.58143,1.5485,13.954,10.115
25,0.58143,1.5485,14.536,9.3119
26,0.58143,1.5485,15.117,8.4104
27,0.58143,1.5485,15.699,7.4109
28,0.58143,1.5485,16.28,6.3134
29,0.58143,1.5485,16.862,5.1178
30,0.58143,1.5485,17.443,3.8243
31,0.58143,1.5485,18.024,2.4328
32,0.58143,1.5485,18.606,0.94328
0,0.12187,0.94355,0,0
1,0.12187,0.94355,0.12187,0.94355
2,0.12187,0.94355,0.24374,1.7891
3,0.12187,0.94355,0.36561,2.5366
4,0.12187,0.94355,0.48748,3.1862
5,0.12187,0.94355,0.60935,3.7377
6,0.12187,0.94355,0.73122,4.1913
7,0.12187,0.94355,0.85309,4.5468
8,0.12187,0.94355,0.97495,4.8044
9,0.12187,0.94355,1.0968,4.9639
10,0.12187,0.94355,1.2187,5.0255
11,0.12187,0.94355,1.3406,4.989
12,0.12187,0.94355,1.4624,4.8546
13,0.12187,0.94355,1.5843,4.6221
14,0.12187,0.94355,1.7062,4.2916
15,0.12187,0.94355,1.828,3.8632
16,0.12187,0.94355,1.9499,3.3367
17,0.12187,0.94355,2.0718,2.7123
18,0.12187,0.94355,2.1936,1.9898
19,0.12187,0.94355,2.3155,1.1694
20,0.12187,0.94355,2.4374,0.25092
0,1.0392,0.551,0,0
1,1.0392,0.551,1.0392,0.551
2,1.0392,0.551,2.0785,1.004
3,1.0392,0.551,3.1177,1.359
4,1.0392,0.551,4.1569,1.616
5,1.0392,0.551,5.1962,1.775
6,1.0392,0.551,6.2354,1.836
7,1.0392,0.551,7.2746,1.799
8,1.0392,0.551,8.3138,1.664
9,1.0392,0.551,9.3531,1.431
10,1.0392,0.551,10.392,1.1
11,1.0392,0.551,11.432,0.671
12,1.0392,0.551,12.471,0.144
0,0.39068,1.0856,0,0
1,0.39068,1.0856,0.39068,1.0856
2,0.39068,1.0856,0.78136,2.0732
3,0.39068,1.0856,1.172,2.9629
4,0.39068,1.0856,1.5627,3.7545
5,0.39068,1.0856,1.9534,4.4481
6,0.39068,1.0856,2.3441,5.0437
7,0.39068,1.0856,2.7348,5.5414
8,0.39068,1.0856,3.1255,5.941
9,0.39068,1.0856,3.5161,6.2426
10,0.39068,1.0856,3.9068,6.4462
11,0.39068,1.0856,4.2975,6.5518
12,0.39068,1.0856,4.6882,6.5595
13,0.39068,1.0856,5.0789,6.4691
14,0.39068,1.0856,5.4695,6.2807
15,0.39068,1.0856,5.8602,5.9943
16,0.39068,1.0856,6.2509,5.61
17,0.39068,1.0856,6.6416,5.1276
18,0.39068,1.0856,7.0323,4.5472
19,0.39068,1.0856,7.423,3.8688
20,0.39068,1.0856,7.8136,3.0924
21,0.39068,1.0856,8.2043,2.2181
22,0.39068,1.0856,8.595,1.2457
23,0.39068,1.0856,8.9857,0.17531
0,0.93258,0.70618,0,0
1,0.93258,0.70618,0.93258,0.70618
2,0.93258,0.70618,1.8652,1.3144
3,0.93258,0.70618,2.7977,1.8246
4,0.93258,0.70618,3.7303,2.2367
5,0.93258,0.70618,4.6629,2.5509
6,0.93258,0.70618,5.5955,2.7671
7,0.93258,0.70618,6.528,2.8853
8,0.93258,0.70618,7.4606,2.9055
9,0.93258,0.70618,8.3932,2.8277
10,0.93258,0.70618,9.3258,2.6518
11,0.93258,0.70618,10.258,2.378
12,0.93258,0.70618,11.191,2.0062
13,0.93258,0.70618,12.123,1.5364
14,0.93258,0.70618,13.056,0.96858
15,0.93258,0.70618,13.989,0.30277
0,0.3564,0.1326,0,0
1,0.3564,0.1326,0.3564,0.1326
2,0.3564,0.1326,0.71281,0.16719
3,0.3564,0.1326,1.0692,0.10379
0,0.062803,1.1494,0,0
1,0.062803,1.1494,0.062803,1.1494
2,0.062803,1.1494,0.12561,2.2007
3,0.062803,1.1494,0.18841,3.1541
4,0.062803,1.1494,0.25121,4.0094
5,0.062803,1.1494,0.31402,4.7668
6,0.062803,1.1494,0.37682,5.4261
7,0.062803,1.1494,0.43962,5.9875
8,0.062803,1.1494,0.50243,6.4508
9,0.062803,1.1494,0.56523,6.8162
10,0.062803,1.1494,0.62803,7.0836
11,0.062803,1.1494,0.69083,7.2529
12,0.062803,1.1494,0.75364,7.3243
13,0.062803,1.1494,0.81644,7.2976
14,0.062803,1.1494,0.87924,7.173
15,0.062803,1.1494,0.94205,6.9503
16,0.062803,1.1494,1.0049,6.6297
17,0.062803,1.1494,1.0677,6.211
18,0.062803,1.1494,1.1305,5.6944
19,0.062803,1.1494,1.1933,5.0798
20,0.062803,1.1494,1.2561,4.3671
21,0.062803,1.1494,1.3189,3.5565
22,0.062803,1.1494,1.3817,2.6478
23,0.062803,1.1494,1.4445,1.6412
24,0.062803,1.1494,1.5073,0.53653
0,0.079864,0.011182,0,0
1,0.079864,0.011182,0.079864,0.011182
0,0.92718,0.32561,0,0
1,0.92718,0.32561,0.92718,0.32561
2,0.92718,0.32561,1.8544,0.55321
3,0.92718,0.32561,2.7816,0.68282
4,0.92718,0.32561,3.7087,0.71443
5,0.92718,0.32561,4.6359,0.64803
6,0.92718,0.32561,5.5631,0.48364
7,0.92718,0.32561,6.4903,0.22125
0,0.15629,0.3192,0,0
1,0.15629,0.3192,0.15629,0.3192
2,0.15629,0.3192,0.31258,0.5404
3,0.15629,0.3192,0.46888,0.66361
4,0.15629,0.3192,0.62517,0.68881
5,0.15629,0.3192,0.78146,0.61601
6,0.15629,0.3192,0.93775,0.44521
7,0.15629,0.3192,1.094,0.17641
0,0.42741,1.8023,0,0
1,0.42741,1.8023,0.42741,1.8023
2,0.42741,1.8023,0.85481,3.5066
3,0.42741,1.8023,1.2822,5.1129
4,0.42741,1.8023,1.7096,6.6212
5,0.42741,1.8023,2.137,8.0315
6,0.42741,1.8023,2.5644,9.3438
7,0.42741,1.8023,2.9918,10.558
8,0.42741,1.8023,3.4193,11.674
9,0.42741,1.8023,3.8467,12.693
10,0.42741,1.8023,4.2741,13.613
11,0.42741,1.8023,4.7015,14.435
12,0.42741,1.8023,5.1289,15.16
13,0.42741,1.8023,5.5563,15.786
14,0.42741,1.8023,5.9837,16.314
15,0.42741,1.8023,6.4111,16.745
16,0.42741,1.8023,6.8385,17.077
17,0.42741,1.8023,7.2659,17.311
18,0.42741,1.8023,7.6933,17.447
19,0.42741,1.8023,8.1207,17.486
20,0.42741,1.8023,8.5481,17.426
21,0.42741,1.8023,8.9755,17.268
22,0.42741,1.8023,9.403,17.013
23,0.42741,1.8023,9.8304,16.659
24,0.42741,1.8023,10.258,16.207
25,0.42741,1.8023,10.685,15.658
26,0.42741,1.8023,11.113,15.01
27,0.42741,1.8023,11.54,14.264
28,0.42741,1.8023,11.967,13.42
29,0.42741,1.8023,12.395,12.479
30,0.42741,1.8023,12.822,11.439
31,0.42741,1.8023,13.25,10.301
32,0.42741,1.8023,13.677,9.0657
33,0.42741,1.8023,14.104,7.732
34,0.42741,1.8023,14.532,6.3003
35,0.42741,1.8023,14.959,4.7706
36,0.42741,1.8023,15.387,3.1429
37,0.42741,1.8023,15.814,1.4172
0,1.3856,0.751,0,0
1,1.3856,0.751,1.3856,0.751
2,1.3856,0.751,2.7713,1.404
3,1.3856,0.751,4.1569,1.959
4,1.3856,0.751,5.5426,2.416
5,1.3856,0.751,6.9282,2.775
6,1.3856,0.751,8.3138,3.036
7,1.3856,0.751,9.6995,3.199
8,1.3856,0.751,11.085,3.264
9,1.3856,0.751,12.471,3.231
10,1.3856,0.751,13.856,3.1
11,1.3856,0.751,15.242,2.871
12,1.3856,0.751,16.628,2.544
13,1.3856,0.751,18.013,2.119
14,1.3856,0.751,19.399,1.596
15,1.3856,0.751,20.785,0.975
16,1.3856,0.751,22.17,0.256
0,0.80902,0.53879,0,0
1,0.80902,0.53879,0.80902,0.53879
2,0.80902,0.53879,1.618,0.97957
3,0.80902,0.53879,2.4271,1.3224
4,0.80902,0.53879,3.2361,1.5671
5,0.80902,0.53879,4.0451,1.7139
6,0.80902,0.53879,4.8541,1.7627
7,0.80902,0.53879,5.6631,1.7135
8,0.80902,0.53879,6.4721,1.5663
9,0.80902,0.53879,7.2812,1.3211
10,0.80902,0.53879,8.0902,0.97785
11,0.80902,0.53879,8.8992,0.53664
0,0.68944,0.52951,0,0
1,0.68944,0.52951,0.68944,0.52951
2,0.68944,0.52951,1.3789,0.96102
3,0.68944,0.52951,2.0683,1.2945
4,0.68944,0.52951,2.7578,1.53
5,0.68944,0.52951,3.4472,1.6675
6,0.68944,0.52951,4.1366,1.7071
7,0.68944,0.52951,4.8261,1.6486
8,0.68944,0.52951,5.5155,1.4921
9,0.68944,0.52951,6.205,1.2376
10,0.68944,0.52951,6.8944,0.88509
11,0.68944,0.52951,7.5838,0.4346
0,0.24271,0.12734,0,0
1,0.24271,0.12734,0.24271,0.12734
2,0.24271,0.12734,0.48541,0.15667
3,0.24271,0.12734,0.72812,0.088007
0,0.39932,0.25191,0,0
1,0.39932,0.25191,0.39932,0.25191
2,0.39932,0.25191,0.79864,0.40582
3,0.39932,0.25191,1.198,0.46172
4,0.39932,0.25191,1.5973,0.41963
5,0.39932,0.25191,1.9966,0.27954
6,0.39932,0.25191,2.3959,0.041445
0,1.5429,0.87807,0,0
1,1.5429,0.87807,1.5429,0.87807
2,1.5429,0.87807,3.0858,1.6581
3,1.5429,0.87807,4.6287,2.3402
4,1.5429,0.87807,6.1716,2.9243
5,1.5429,0.87807,7.7145,3.4103
6,1.5429,0.87807,9.2574,3.7984
7,1.5429,0.87807,10.8,4.0885
8,1.5429,0.87807,12.343,4.2805
9,1.5429,0.87807,13.886,4.3746
10,1.5429,0.87807,15.429,4.3707
11,1.5429,0.87807,16.972,4.2688
12,1.5429,0.87807,18.515,4.0688
13,1.5429,0.87807,20.058,3.7709
14,1.5429,0.87807,21.601,3.375
15,1.5429,0.87807,23.144,2.881
16,1.5429,0.87807,24.686,2.2891
17,1.5429,0.87807,26.229,1.5992
18,1.5429,0.87807,27.772,0.81123
0,0.67619,1.4011,0,0
1,0.67619,1.4011,0.67619,1.4011
2,0.67619,1.4011,1.3524,2.7042
3,0.67619,1.4011,2.0286,3.9093
4,0.67619,1.4011,2.7048,5.0164
5,0.67619,1.4011,3.3809,6.0255
6,0.67619,1.4011,4.0571,6.9366
7,0.67619,1.4011,4.7333,7.7496
8,0.67619,1.4011,5.4095,8.4647
9,0.67619,1.4011,6.0857,9.0818
10,0.67619,1.4011,6.7619,9.6009
11,0.67619,1.4011,7.4381,10.022
12,0.67619,1.4011,8.1143,10.345
13,0.67619,1.4011,8.7905,10.57
14,0.67619,1.4011,9.4666,10.697
15,0.67619,1.4011,10.143,10.726
16,0.67619,1.4011,10.819,10.657
17,0.67619,1.4011,11.495,10.491
18,0.67619,1.4011,12.171,10.226
19,0.67619,1.4011,12.848,9.8628
20,0.67619,1.4011,13.524,9.4018
21,0.67619,1.4011,14.2,8.8429
22,0.67619,1.4011,14.876,8.186
23,0.67619,1.4011,15.552,7.4311
24,0.67619,1.4011,16.229,6.5782
25,0.67619,1.4011,16.905,5.6273
26,0.67619,1.4011,17.581,4.5784
27,0.67619,1.4011,18.257,3.4315
28,0.67619,1.4011,18.933,2.1866
29,0.67619,1.4011,19.609,0.84368
0,1.042,1.03,0,0
1,1.042,1.03,1.042,1.03
2,1.042,1.03,2.084,1.962
3,1.042,1.03,3.126,2.796
4,1.042,1.03,4.168,3.532
5,1.042,1.03,5.2099,4.17
6,1.042,1.03,6.2519,4.7101
7,1.042,1.03,7.2939,5.1521
8,1.042,1.03,8.3359,5.4961
9,1.042,1.03,9.3779,5.7421
10,1.042,1.03,10.42,5.8901
11,1.042,1.03,11.462,5.9401
12,1.042,1.03,12.504,5.8921
13,1.042,1.03,13.546,5.7461
14,1.042,1.03,14.588,5.5021
15,1.042,1.03,15.63,5.1601
16,1.042,1.03,16.672,4.7202
17,1.042,1.03,17.714,4.1822
18,1.042,1.03,18.756,3.5462
19,1.042,1.03,19.798,2.8122
20,1.042,1.03,20.84,1.9802
21,1.042,1.03,21.882,1.0502
22,1.042,1.03,22.924,0.022213
0,1.3419,0.82242,0,0
1,1.3419,0.82242,1.3419,0.82242
2,1.3419,0.82242,2.6837,1.5468
3,1.3419,0.82242,4.0256,2.1733
4,1.3419,0.82242,5.3675,2.7017
5,1.3419,0.82242,6.7094,3.1321
6,1.3419,0.82242,8.0512,3.4645
7,1.3419,0.82242,9.3931,3.699
8,1.3419,0.82242,10.735,3.8354
9,1.3419,0.82242,12.077,3.8738
10,1.3419,0.82242,13.419,3.8142
11,1.3419,0.82242,14.761,3.6566
12,1.3419,0.82242,16.102,3.4011
13,1.3419,0.82242,17.444,3.0475
14,1.3419,0.82242,18.786,2.5959
15,1.3419,0.82242,20.128,2.0463
16,1.3419,0.82242,21.47,1.3988
17,1.3419,0.82242,22.812,0.65318
0,0.22476,0.50731,0,0
1,0.22476,0.50731,0.22476,0.50731
2,0.22476,0.50731,0.44953,0.91662
3,0.22476,0.50731,0.67429,1.2279
4,0.22476,0.50731,0.89906,1.4412
5,0.22476,0.50731,1.1238,1.5566
6,0.22476,0.50731,1.3486,1.5739
7,0.22476,0.50731,1.5733,1.4932
8,0.22476,0.50731,1.7981,1.3145
9,0.22476,0.50731,2.0229,1.0378
10,0.22476,0.50731,2.2476,0.6631
11,0.22476,0.50731,2.4724,0.19041
0,0.50795,1.1477,0,0
1,0.50795,1.1477,0.50795,1.1477
2,0.50795,1.1477,1.0159,2.1973
3,0.50795,1.1477,1.5239,3.149
4,0.50795,1.1477,2.0318,4.0026
5,0.50795,1.1477,2.5398,4.7583
6,0.50795,1.1477,3.0477,5.4159
7,0.50795,1.1477,3.5557,5.9756
8,0.50795,1.1477,4.0636,6.4373
9,0.50795,1.1477,4.5716,6.8009
10,0.50795,1.1477,5.0795,7.0666
11,0.50795,1.1477,5.5875,7.2342
12,0.50795,1.1477,6.0954,7.3039
13,0.50795,1.1477,6.6034,7.2755
14,0.50795,1.1477,7.1113,7.1492
15,0.50795,1.1477,7.6193,6.9248
16,0.50795,1.1477,8.1272,6.6025
17,0.50795,1.1477,8.6352,6.1822
18,0.50795,1.1477,9.1431,5.6638
19,0.50795,1.1477,9.6511,5.0475
20,0.50795,1.1477,10.159,4.3331
21,0.50795,1.1477,10.667,3.5208
22,0.50795,1.1477,11.175,2.6104
23,0.50795,1.1477,11.683,1.6021
24,0.50795,1.1477,12.191,0.49575
0,1.2583,0.56472,0,0
1,1.2583,0.56472,1.2583,0.56472
2,1.2583,0.56472,2.5166,1.0314
3,1.2583,0.56472,3.7749,1.4002
4,1.2583,0.56472,5.0332,1.6709
5,1.2583,0.56472,6.2916,1.8436
6,1.2583,0.56472,7.5499,1.9183
7,1.2583,0.56472,8.8082,1.895
8,1.2583,0.56472,10.066,1.7738
9,1.2583,0.56472,11.325,1.5545
10,1.2583,0.56472,12.583,1.2372
11,1.2583,0.56472,13.841,0.82192
12,1.2583,0.56472,15.1,0.30864
0,0.36235,1.3033,0,0
1,0.36235,1.3033,0.36235,1.3033
2,0.36235,1.3033,0.72469,2.5086
3,0.36235,1.3033,1.087,3.6159
4,0.36235,1.3033,1.4494,4.6252
5,0.36235,1.3033,1.8117,5.5365
6,0.36235,1.3033,2.1741,6.3498
7,0.36235,1.3033,2.5364,7.0651
8,0.36235,1.3033,2.8988,7.6824
9,0.36235,1.3033,3.2611,8.2017
10,0.36235,1.3033,3.6235,8.623
11,0.36235,1.3033,3.9858,8.9463
12,0.36235,1.3033,4.3482,9.1716
13,0.36235,1.3033,4.7105,9.2989
14,0.36235,1.3033,5.0729,9.3281
15,0.36235,1.3033,5.4352,9.2594
16,0.36235,1.3033,5.7975,9.0927
17,0.36235,1.3033,6.1599,8.828
18,0.36235,1.3033,6.5222,8.4653
19,0.36235,1.3033,6.8846,8.0046
20,0.36235,1.3033,7.2469,7.4459
21,0.36235,1.3033,7.6093,6.7892
22,0.36235,1.3033,7.9716,6.0345
23,0.36235,1.3033,8.334,5.1818
24,0.36235,1.3033,8.6963,4.2311
25,0.36235,1.3033,9.0587,3.1824
26,0.36235,1.3033,9.421,2.0357
27,0.36235,1.3033,9.7834,0.791
0,0.1095,0.64238,0,0
1,0.1095,0.64238,0.1095,0.64238
2,0.1095,0.64238,0.21901,1.1868
3,0.1095,0.64238,0.32851,1.6331
4,0.1095,0.64238,0.43802,1.9815
5,0.1095,0.64238,0.54752,2.2319
6,0.1095,0.64238,0.65702,2.3843
7,0.1095,0.64238,0.76653,2.4387
8,0.1095,0.64238,0.87603,2.3951
9,0.1095,0.64238,0.98554,2.2534
10,0.1095,0.64238,1.095,2.0138
11,0.1095,0.64238,1.2045,1.6762
12,0.1095,0.64238,1.314,1.2406
13,0.1095,0.64238,1.4236,0.70696
14,0.1095,0.64238,1.5331,0.075346
0,1.5762,0.58783,0,0
1,1.5762,0.58783,1.5762,0.58783
2,1.5762,0.58783,3.1524,1.0777
3,1.5762,0.58783,4.7286,1.4695
4,1.5762,0.58783,6.3049,1.7633
5,1.5762,0.58783,7.8811,1.9592
6,1.5762,0.58783,9.4573,2.057
7,1.5762,0.58783,11.033,2.0568
8,1.5762,0.58783,12.61,1.9586
9,1.5762,0.58783,14.186,1.7625
10,1.5762,0.58783,15.762,1.4683
11,1.5762,0.58783,17.338,1.0761
12,1.5762,0.58783,18.915,0.58597
0,0.40451,0.24489,0,0
1,0.40451,0.24489,0.40451,0.24489
2,0.40451,0.24489,0.80902,0.39179
3,0.40451,0.24489,1.2135,0.44068
4,0.40451,0.24489,1.618,0.39157
5,0.40451,0.24489,2.0225,0.24446
0,1.553,0.64245,0,0
1,1.553,0.64245,1.553,0.64245
2,1.553,0.64245,3.1061,1.1869
3,1.553,0.64245,4.6591,1.6334
4,1.553,0.64245,6.2121,1.9818
5,1.553,0.64245,7.7651,2.2323
6,1.553,0.64245,9.3182,2.3847
7,1.553,0.64245,10.871,2.4392
8,1.553,0.64245,12.424,2.3956
9,1.553,0.64245,13.977,2.2541
10,1.553,0.64245,15.53,2.0145
11,1.553,0.64245,17.083,1.677
12,1.553,0.64245,18.636,1.2414
13,1.553,0.64245,20.189,0.70788
14,1.553,0.64245,21.742,0.076332
0,0.66574,0.16731,0,0
1,0.66574,0.16731,0.66574,0.16731
2,0.66574,0.16731,1.3315,0.23662
3,0.66574,0.16731,1.9972,0.20794
4,0.66574,0.16731,2.663,0.081248
0,1.4869,0.77518,0,0
1,1.4869,0.77518,1.4869,0.77518
2,1.4869,0.77518,2.9737,1.4524
3,1.4869,0.77518,4.4606,2.0315
4,1.4869,0.77518,5.9474,2.5127
5,1.4869,0.77518,7.4343,2.8959
6,1.4869,0.77518,8.9211,3.1811
7,1.4869,0.77518,10.408,3.3682
8,1.4869,0.77518,11.895,3.4574
9,1.4869,0.77518,13.382,3.4486
10,1.4869,0.77518,14.869,3.3418
11,1.4869,0.77518,16.355,3.1369
12,1.4869,0.77518,17.842,2.8341
13,1.4869,0.77518,19.329,2.4333
14,1.4869,0.77518,20.816,1.9345
15,1.4869,0.77518,22.303,1.3376
16,1.4869,0.77518,23.79,0.64282
0,0.41042,1.0786,0,0
1,0.41042,1.0786,0.41042,1.0786
2,0.41042,1.0786,0.82085,2.0593
3,0.41042,1.0786,1.2313,2.9419
4,0.41042,1.0786,1.6417,3.7265
5,0.41042,1.0786,2.0521,4.4132
6,0.41042,1.0786,2.4625,5.0018
7,0.41042,1.0786,2.873,5.4924
8,0.41042,1.0786,3.2834,5.885
9,0.41042,1.0786,3.6938,6.1797
10,0.41042,1.0786,4.1042,6.3763
11,0.41042,1.0786,4.5147,6.4749
12,0.41042,1.0786,4.9251,6.4756
13,0.41042,1.0786,5.3355,6.3782
14,0.41042,1.0786,5.7459,6.1828
15,0.41042,1.0786,6.1564,5.8895
16,0.41042,1.0786,6.5668,5.4981
17,0.41042,1.0786,6.9772,5.0087
18,0.41042,1.0786,7.3876,4.4214
19,0.41042,1.0786,7.7981,3.736
20,0.41042,1.0786,8.2085,2.9526
21,0.41042,1.0786,8.6189,2.0713
22,0.41042,1.0786,9.0293,1.0919
23,0.41042,1.0786,9.4398,0.014516
0,1.1115,1.1019,0,0
1,1.1115,1.1019,1.1115,1.1019
2,1.1115,1.1019,2.2229,2.1059
3,1.1115,1.1019,3.3344,3.0118
4,1.1115,1.1019,4.4458,3.8198
5,1.1115,1.1019,5.5573,4.5297
6,1.1115,1.1019,6.6687,5.1417
7,1.1115,1.1019,7.7802,5.6556
8,1.1115,1.1019,8.8916,6.0715
9,1.1115,1.1019,10.003,6.3895
10,1.1115,1.1019,11.115,6.6094
11,1.1115,1.1019,12.226,6.7314
12,1.1115,1.1019,13.337,6.7553
13,1.1115,1.1019,14.449,6.6813
14,1.1115,1.1019,15.56,6.5092
15,1.1115,1.1019,16.672,6.2392
16,1.1115,1.1019,17.783,5.8711
17,1.1115,1.1019,18.895,5.405
18,1.1115,1.1019,20.006,4.841
19,1.1115,1.1019,21.118,4.1789
20,1.1115,1.1019,22.229,3.4189
21,1.1115,1.1019,23.341,2.5608
22,1.1115,1.1019,24.452,1.6048
23,1.1115,1.1019,25.563,0.5507
0,0.083165,0.34226,0,0
1,0.083165,0.34226,0.083165,0.34226
2,0.083165,0.34226,0.16633,0.58652
3,0.083165,0.34226,0.24949,0.73278
4,0.083165,0.34226,0.33266,0.78104
5,0.083165,0.34226,0.41582,0.7313
6,0.083165,0.34226,0.49899,0.58355
7,0.083165,0.34226,0.58215,0.33781
0,0.52605,1.0296,0,0
1,0.52605,1.0296,0.52605,1.0296
2,0.52605,1.0296,1.0521,1.9611
3,0.52605,1.0296,1.5781,2.7947
4,0.52605,1.0296,2.1042,3.5302
5,0.52605,1.0296,2.6302,4.1678
6,0.52605,1.0296,3.1563,4.7073
7,0.52605,1.0296,3.6823,5.1489
8,0.52605,1.0296,4.2084,5.4924
9,0.52605,1.0296,4.7344,5.738
10,0.52605,1.0296,5.2605,5.8855
11,0.52605,1.0296,5.7865,5.9351
12,0.52605,1.0296,6.3125,5.8866
13,0.52605,1.0296,6.8386,5.7402
14,0.52605,1.0296,7.3646,5.4957
15,0.52605,1.0296,7.8907,5.1533
16,0.52605,1.0296,8.4167,4.7128
17,0.52605,1.0296,8.9428,4.1744
18,0.52605,1.0296,9.4688,3.538
19,0.52605,1.0296,9.9949,2.8035
20,0.52605,1.0296,10.521,1.9711
21,0.52605,1.0296,11.047,1.0406
22,0.52605,1.0296,11.573,0.012163
0,0.30783,0.34501,0,0
1,0.30783,0.34501,0.30783,0.34501
2,0.30783,0.34501,0.61566,0.59201
3,0.30783,0.34501,0.92349,0.74102
4,0.30783,0.34501,1.2313,0.79202
5,0.30783,0.34501,1.5392,0.74503
6,0.30783,0.34501,1.847,0.60003
7,0.30783,0.34501,2.1548,0.35704
8,0.30783,0.34501,2.4626,0.016043
0,1.0269,0.3452,0,0
1,1.0269,0.3452,1.0269,0.3452
2,1.0269,0.3452,2.0539,0.59241
3,1.0269,0.3452,3.0808,0.74161
4,1.0269,0.3452,4.1078,0.79282
5,1.0269,0.3452,5.1347,0.74602
6,1.0269,0.3452,6.1616,0.60123
7,1.0269,0.3452,7.1886,0.35843
8,1.0269,0.3452,8.2155,0.017638
0,0.12475,0.53789,0,0
1,0.12475,0.53789,0.12475,0.53789
2,0.12475,0.53789,0.24949,0.97778
3,0.12475,0.53789,0.37424,1.3197
4,0.12475,0.53789,0.49899,1.5636
5,0.12475,0.53789,0.62374,1.7094
6,0.12475,0.53789,0.74848,1.7573
7,0.12475,0.53789,0.87323,1.7072
8,0.12475,0.53789,0.99798,1.5591
9,0.12475,0.53789,1.1227,1.313
10,0.12475,0.53789,1.2475,0.96889
11,0.12475,0.53789,1.3722,0.52677
0,0.50795,1.1477,0,0
1,0.50795,1.1477,0.50795,1.1477
2,0.50795,1.1477,1.0159,2.1973
3,0.50795,1.1477,1.5239,3.149
4,0.50795,1.1477,2.0318,4.0026
5,0.50795,1.1477,2.5398,4.7583
6,0.50795,1.1477,3.0477,5.4159
7,0.50795,1.1477,3.5557,5.9756
8,0.50795,1.1477,4.0636,6.4373
9,0.50795,1.1477,4.5716,6.8009
10,0.50795,1.1477,5.0795,7.0666
11,0.50795,1.1477,5.5875,7.2342
12,0.50795,1.1477,6.0954,7.3039
13,0.50795,1.1477,6.6034,7.2755
14,0.50795,1.1477,7.1113,7.1492
15,0.50795,1.1477,7.6193,6.9248
16,0.50795,1.1477,8.1272,6.6025
17,0.50795,1.1477,8.6352,6.1822
18,0.50795,1.1477,9.1431,5.6638
19,0.50795,1.1477,9.6511,5.0475
20,0.50795,1.1477,10.159,4.3331
21,0.50795,1.1477,10.667,3.5208
22,0.50795,1.1477,11.175,2.6104
23,0.50795,1.1477,11.683,1.6021
24,0.50795,1.1477,12.191,0.49575
0,0.087674,0.13076,0,0
1,0.087674,0.13076,0.087674,0.13076
2,0.087674,0.13076,0.17535,0.16352
3,0.087674,0.13076,0.26302,0.098276
0,0.47693,0.71424,0,0
1,0.47693,0.71424,0.47693,0.71424
2,0.47693,0.71424,0.95385,1.3305
3,0.47693,0.71424,1.4308,1.8487
4,0.47693,0.71424,1.9077,2.269
5,0.47693,0.71424,2.3846,2.5912
6,0.47693,0.71424,2.8616,2.8155
7,0.47693,0.71424,3.3385,2.9417
8,0.47693,0.71424,3.8154,2.9699
9,0.47693,0.71424,4.2923,2.9002
10,0.47693,0.71424,4.7693,2.7324
11,0.47693,0.71424,5.2462,2.4667
12,0.47693,0.71424,5.7231,2.1029
13,0.47693,0.71424,6.2001,1.6412
14,0.47693,0.71424,6.677,1.0814
15,0.47693,0.71424,7.1539,0.42365
0,1.84E-17,0.251,0,0
1,1.84E-17,0.251,1.84E-17,0.251
2,1.84E-17,0.251,3.67E-17,0.404
3,1.84E-17,0.251,5.51E-17,0.459
4,1.84E-17,0.251,7.35E-17,0.416
5,1.84E-17,0.251,9.18E-17,0.275
6,1.84E-17,0.251,1.10E-16,0.036
0,0.078801,0.012566,0,0
1,0.078801,0.012566,0.078801,0.012566
0,0.77135,0.87025,0,0
1,0.77135,0.87025,0.77135,0.87025
2,0.77135,0.87025,1.5427,1.6425
3,0.77135,0.87025,2.314,2.3168
4,0.77135,0.87025,3.0854,2.893
5,0.77135,0.87025,3.8567,3.3713
6,0.77135,0.87025,4.6281,3.7515
7,0.77135,0.87025,5.3994,4.0338
8,0.77135,0.87025,6.1708,4.218
9,0.77135,0.87025,6.9421,4.3043
10,0.77135,0.87025,7.7135,4.2925
11,0.77135,0.87025,8.4848,4.1828
12,0.77135,0.87025,9.2561,3.975
13,0.77135,0.87025,10.027,3.6693
14,0.77135,0.87025,10.799,3.2655
15,0.77135,0.87025,11.57,2.7638
16,0.77135,0.87025,12.342,2.1641
17,0.77135,0.87025,13.113,1.4663
18,0.77135,0.87025,13.884,0.67056
0,1.4095,0.46403,0,0
1,1.4095,0.46403,1.4095,0.46403
2,1.4095,0.46403,2.8191,0.83006
3,1.4095,0.46403,4.2286,1.0981
4,1.4095,0.46403,5.6382,1.2681
5,1.4095,0.46403,7.0477,1.3402
6,1.4095,0.46403,8.4572,1.3142
7,1.4095,0.46403,9.8668,1.1902
8,1.4095,0.46403,11.276,0.96824
9,1.4095,0.46403,12.686,0.64827
10,1.4095,0.46403,14.095,0.2303
0,0.35967,0.29833,0,0
1,0.35967,0.29833,0.35967,0.29833
2,0.35967,0.29833,0.71934,0.49866
3,0.35967,0.29833,1.079,0.60099
4,0.35967,0.29833,1.4387,0.60532
5,0.35967,0.29833,1.7983,0.51165
6,0.35967,0.29833,2.158,0.31998
7,0.35967,0.29833,2.5177,0.030304
0,0.052264,0.44826,0,0
1,0.052264,0.44826,0.052264,0.44826
2,0.052264,0.44826,0.10453,0.79852
3,0.052264,0.44826,0.15679,1.0508
4,0.052264,0.44826,0.20906,1.205
5,0.052264,0.44826,0.26132,1.2613
6,0.052264,0.44826,0.31359,1.2196
7,0.052264,0.44826,0.36585,1.0798
8,0.052264,0.44826,0.41811,0.84209
9,0.052264,0.44826,0.47038,0.50635
10,0.052264,0.44826,0.52264,0.072609
0,1.4869,0.77518,0,0
1,1.4869,0.77518,1.4869,0.77518
2,1.4869,0.77518,2.9737,1.4524
3,1.4869,0.77518,4.4606,2.0315
4,1.4869,0.77518,5.9474,2.5127
5,1.4869,0.77518,7.4343,2.8959
6,1.4869,0.77518,8.9211,3.1811
7,1.4869,0.77518,10.408,3.3682
8,1.4869,0.77518,11.895,3.4574
9,1.4869,0.77518,13.382,3.4486
10,1.4869,0.77518,14.869,3.3418
11,1.4869,0.77518,16.355,3.1369
12,1.4869,0.77518,17.842,2.8341
13,1.4869,0.77518,19.329,2.4333
14,1.4869,0.77518,20.816,1.9345
15,1.4869,0.77518,22.303,1.3376
16,1.4869,0.77518,23.79,0.64282
0,0.30782,0.79672,0,0
1,0.30782,0.79672,0.30782,0.79672
2,0.30782,0.79672,0.61564,1.4954
3,0.30782,0.79672,0.92345,2.0962
4,0.30782,0.79672,1.2313,2.5989
5,0.30782,0.79672,1.5391,3.0036
6,0.30782,0.79672,1.8469,3.3103
7,0.30782,0.79672,2.1547,3.5191
8,0.30782,0.79672,2.4625,3.6298
9,0.30782,0.79672,2.7704,3.6425
10,0.30782,0.79672,3.0782,3.5572
11,0.30782,0.79672,3.386,3.374
12,0.30782,0.79672,3.6938,3.0927
13,0.30782,0.79672,4.0016,2.7134
14,0.30782,0.79672,4.3095,2.2361
15,0.30782,0.79672,4.6173,1.6609
16,0.30782,0.79672,4.9251,0.98757
17,0.30782,0.79672,5.2329,0.2163
0,0.27189,0.077785,0,0
1,0.27189,0.077785,0.27189,0.077785
2,0.27189,0.077785,0.54378,0.057571
0,0.13383,0.099629,0,0
1,0.13383,0.099629,0.13383,0.099629
2,0.13383,0.099629,0.26765,0.10126
3,0.13383,0.099629,0.40148,0.0048869
0,1.0239,0.9058,0,0
1,1.0239,0.9058,1.0239,0.9058
2,1.0239,0.9058,2.0478,1.7136
3,1.0239,0.9058,3.0717,2.4234
4,1.0239,0.9058,4.0956,3.0352
5,1.0239,0.9058,5.1195,3.549
6,1.0239,0.9058,6.1434,3.9648
7,1.0239,0.9058,7.1673,4.2826
8,1.0239,0.9058,8.1912,4.5024
9,1.0239,0.9058,9.2151,4.6242
10,1.0239,0.9058,10.239,4.648
11,1.0239,0.9058,11.263,4.5738
12,1.0239,0.9058,12.287,4.4016
13,1.0239,0.9058,13.311,4.1314
14,1.0239,0.9058,14.335,3.7632
15,1.0239,0.9058,15.358,3.297
16,1.0239,0.9058,16.382,2.7328
17,1.0239,0.9058,17.406,2.0706
18,1.0239,0.9058,18.43,1.3104
19,1.0239,0.9058,19.454,0.45216
0,0.57851,0.64044,0,0
1,0.57851,0.64044,0.57851,0.64044
2,0.57851,0.64044,1.157,1.1829
3,0.57851,0.64044,1.7355,1.6273
4,0.57851,0.64044,2.314,1.9738
5,0.57851,0.64044,2.8925,2.2222
6,0.57851,0.64044,3.4711,2.3726
7,0.57851,0.64044,4.0496,2.4251
8,0.57851,0.64044,4.6281,2.3795
9,0.57851,0.64044,5.2066,2.236
10,0.57851,0.64044,5.7851,1.9944
11,0.57851,0.64044,6.3636,1.6548
12,0.57851,0.64044,6.9421,1.2173
13,0.57851,0.64044,7.5206,0.68172
14,0.57851,0.64044,8.0991,0.04816
0,1.0068,1.5623,0,0
1,1.0068,1.5623,1.0068,1.5623
2,1.0068,1.5623,2.0137,3.0266
3,1.0068,1.5623,3.0205,4.3929
4,1.0068,1.5623,4.0274,5.6612
5,1.0068,1.5623,5.0342,6.8315
6,1.0068,1.5623,6.0411,7.9037
7,1.0068,1.5623,7.0479,8.878
8,1.0068,1.5623,8.0548,9.7543
9,1.0068,1.5623,9.0616,10.533
10,1.0068,1.5623,10.068,11.213
11,1.0068,1.5623,11.075,11.795
12,1.0068,1.5623,12.082,12.279
13,1.0068,1.5623,13.089,12.666
14,1.0068,1.5623,14.096,12.954
15,1.0068,1.5623,15.103,13.144
16,1.0068,1.5623,16.11,13.237
17,1.0068,1.5623,17.116,13.231
18,1.0068,1.5623,18.123,13.127
19,1.0068,1.5623,19.13,12.926
20,1.0068,1.5623,20.137,12.626
21,1.0068,1.5623,21.144,12.228
22,1.0068,1.5623,22.151,11.732
23,1.0068,1.5623,23.157,11.139
24,1.0068,1.5623,24.164,10.447
25,1.0068,1.5623,25.171,9.6573
26,1.0068,1.5623,26.178,8.7696
27,1.0068,1.5623,27.185,7.7839
28,1.0068,1.5623,28.192,6.7002
29,1.0068,1.5623,29.199,5.5185
30,1.0068,1.5623,30.205,4.2387
31,1.0068,1.5623,31.212,2.861
32,1.0068,1.5623,32.219,1.3853
0,0.32766,0.18043,0,0
1,0.32766,0.18043,0.32766,0.18043
2,0.32766,0.18043,0.65532,0.26286
3,0.32766,0.18043,0.98298,0.24729
4,0.32766,0.18043,1.3106,0.13372
0,0.98298,0.63929,0,0
1,0.98298,0.63929,0.98298,0.63929
2,0.98298,0.63929,1.966,1.1806
3,0.98298,0.63929,2.9489,1.6239
4,0.98298,0.63929,3.9319,1.9692
5,0.98298,0.63929,4.9149,2.2165
6,0.98298,0.63929,5.8979,2.3658
7,0.98298,0.63929,6.8809,2.417
8,0.98298,0.63929,7.8639,2.3703
9,0.98298,0.63929,8.8468,2.2256
10,0.98298,0.63929,9.8298,1.9829
11,0.98298,0.63929,10.813,1.6422
12,0.98298,0.63929,11.796,1.2035
13,0.98298,0.63929,12.779,0.66679
14,0.98298,0.63929,13.762,0.032084
0,1.5301,0.41879,0,0
1,1.5301,0.41879,1.5301,0.41879
2,1.5301,0.41879,3.0602,0.73959
3,1.5301,0.41879,4.5903,0.96238
4,1.5301,0.41879,6.1204,1.0872
5,1.5301,0.41879,7.6504,1.114
6,1.5301,0.41879,9.1805,1.0428
7,1.5301,0.41879,10.711,0.87356
8,1.5301,0.41879,12.241,0.60636
9,1.5301,0.41879,13.771,0.24115
0,0.28366,0.04867,0,0
1,0.28366,0.04867,0.28366,0.04867
0,1.3482,0.60856,0,0
1,1.3482,0.60856,1.3482,0.60856
2,1.3482,0.60856,2.6964,1.1191
3,1.3482,0.60856,4.0446,1.5317
4,1.3482,0.60856,5.3928,1.8462
5,1.3482,0.60856,6.741,2.0628
6,1.3482,0.60856,8.0891,2.1813
7,1.3482,0.60856,9.4373,2.2019
8,1.3482,0.60856,10.786,2.1245
9,1.3482,0.60856,12.134,1.949
10,1.3482,0.60856,13.482,1.6756
11,1.3482,0.60856,14.83,1.3041
12,1.3482,0.60856,16.178,0.83468
13,1.3482,0.60856,17.526,0.26724
0,0.23314,0.1398,0,0
1,0.23314,0.1398,0.23314,0.1398
2,0.23314,0.1398,0.46629,0.18159
3,0.23314,0.1398,0.69943,0.12539
0,0.079864,0.011182,0,0
1,0.079864,0.011182,0.079864,0.011182
0,0.60622,0.301,0,0
1,0.60622,0.301,0.60622,0.301
2,0.60622,0.301,1.2124,0.504
3,0.60622,0.301,1.8187,0.609
4,0.60622,0.301,2.4249,0.616
5,0.60622,0.301,3.0311,0.525
6,0.60622,0.301,3.6373,0.336
7,0.60622,0.301,4.2435,0.049
0,1.4766,1.1467,0,0
1,1.4766,1.1467,1.4766,1.1467
2,1.4766,1.1467,2.9532,2.1954
3,1.4766,1.1467,4.4297,3.1461
4,1.4766,1.1467,5.9063,3.9988
5,1.4766,1.1467,7.3829,4.7535
6,1.4766,1.1467,8.8595,5.4103
7,1.4766,1.1467,10.336,5.969
8,1.4766,1.1467,11.813,6.4297
9,1.4766,1.1467,13.289,6.7924
10,1.4766,1.1467,14.766,7.0571
11,1.4766,1.1467,16.242,7.2238
12,1.4766,1.1467,17.719,7.2925
13,1.4766,1.1467,19.196,7.2632
14,1.4766,1.1467,20.672,7.1359
15,1.4766,1.1467,22.149,6.9106
16,1.4766,1.1467,23.625,6.5873
17,1.4766,1.1467,25.102,6.166
18,1.4766,1.1467,26.578,5.6468
19,1.4766,1.1467,28.055,5.0295
20,1.4766,1.1467,29.532,4.3142
21,1.4766,1.1467,31.008,3.5009
22,1.4766,1.1467,32.485,2.5896
23,1.4766,1.1467,33.961,1.5803
24,1.4766,1.1467,35.438,0.47301
0,0.0034899,0.050939,0,0
1,0.0034899,0.050939,0.0034899,0.050939
2,0.0034899,0.050939,0.0069799,0.0038782
0,0.58779,0.76002,0,0
1,0.58779,0.76002,0.58779,0.76002
2,0.58779,0.76002,1.1756,1.422
3,0.58779,0.76002,1.7634,1.9861
4,0.58779,0.76002,2.3511,2.4521
5,0.58779,0.76002,2.9389,2.8201
6,0.58779,0.76002,3.5267,3.0901
7,0.58779,0.76002,4.1145,3.2621
8,0.58779,0.76002,4.7023,3.3361
9,0.58779,0.76002,5.2901,3.3122
10,0.58779,0.76002,5.8779,3.1902
11,0.58779,0.76002,6.4656,2.9702
12,0.58779,0.76002,7.0534,2.6522
13,0.58779,0.76002,7.6412,2.2362
14,0.58779,0.76002,8.229,1.7222
15,0.58779,0.76002,8.8168,1.1103
16,0.58779,0.76002,9.4046,0.40027
0,0.26496,0.37502,0,0
1,0.26496,0.37502,0.26496,0.37502
2,0.26496,0.37502,0.52992,0.65205
3,0.26496,0.37502,0.79488,0.83107
4,0.26496,0.37502,1.0598,0.9121
5,0.26496,0.37502,1.3248,0.89512
6,0.26496,0.37502,1.5898,0.78014
7,0.26496,0.37502,1.8547,0.56717
8,0.26496,0.37502,2.1197,0.25619
0,0.21786,0.28647,0,0
1,0.21786,0.28647,0.21786,0.28647
2,0.21786,0.28647,0.43571,0.47494
3,0.21786,0.28647,0.65357,0.5654
4,0.21786,0.28647,0.87142,0.55787
5,0.21786,0.28647,1.0893,0.45234
6,0.21786,0.28647,1.3071,0.24881
0,0.46359,0.1383,0,0
1,0.46359,0.1383,0.46359,0.1383
2,0.46359,0.1383,0.92718,0.17861
3,0.46359,0.1383,1.3908,0.12091
0,0.80449,0.7012,0,0
1,0.80449,0.7012,0.80449,0.7012
2,0.80449,0.7012,1.609,1.3044
3,0.80449,0.7012,2.4135,1.8096
4,0.80449,0.7012,3.218,2.2168
5,0.80449,0.7012,4.0224,2.526
6,0.80449,0.7012,4.8269,2.7372
7,0.80449,0.7012,5.6314,2.8504
8,0.80449,0.7012,6.4359,2.8656
9,0.80449,0.7012,7.2404,2.7828
10,0.80449,0.7012,8.0449,2.602
11,0.80449,0.7012,8.8494,2.3232
12,0.80449,0.7012,9.6539,1.9464
13,0.80449,0.7012,10.458,1.4716
14,0.80449,0.7012,11.263,0.89877
15,0.80449,0.7012,12.067,0.22797
0,0.73879,0.89661,0,0
1,0.73879,0.89661,0.73879,0.89661
2,0.73879,0.89661,1.4776,1.6952
3,0.73879,0.89661,2.2164,2.3958
4,0.73879,0.89661,2.9552,2.9985
5,0.73879,0.89661,3.694,3.5031
6,0.73879,0.89661,4.4328,3.9097
7,0.73879,0.89661,5.1716,4.2183
8,0.73879,0.89661,5.9104,4.4289
9,0.73879,0.89661,6.6491,4.5415
10,0.73879,0.89661,7.3879,4.5561
11,0.73879,0.89661,8.1267,4.4727
12,0.73879,0.89661,8.8655,4.2914
13,0.73879,0.89661,9.6043,4.012
14,0.73879,0.89661,10.343,3.6346
15,0.73879,0.89661,11.082,3.1592
16,0.73879,0.89661,11.821,2.5858
17,0.73879,0.89661,12.559,1.9144
18,0.73879,0.89661,13.298,1.145
19,0.73879,0.89661,14.037,0.27765
0,1.0103,0.76912,0,0
1,1.0103,0.76912,1.0103,0.76912
2,1.0103,0.76912,2.0206,1.4402
3,1.0103,0.76912,3.0309,2.0133
4,1.0103,0.76912,4.0412,2.4885
5,1.0103,0.76912,5.0514,2.8656
6,1.0103,0.76912,6.0617,3.1447
7,1.0103,0.76912,7.072,3.3258
8,1.0103,0.76912,8.0823,3.4089
9,1.0103,0.76912,9.0926,3.394
10,1.0103,0.76912,10.103,3.2812
11,1.0103,0.76912,11.113,3.0703
12,1.0103,0.76912,12.123,2.7614
13,1.0103,0.76912,13.134,2.3545
14,1.0103,0.76912,14.144,1.8496
15,1.0103,0.76912,15.154,1.2467
16,1.0103,0.76912,16.165,0.54586
0,0.15094,0.082212,0,0
1,0.15094,0.082212,0.15094,0.082212
2,0.15094,0.082212,0.30188,0.066424
0,0.79465,0.37352,0,0
1,0.79465,0.37352,0.79465,0.37352
2,0.79465,0.37352,1.5893,0.64905
3,0.79465,0.37352,2.384,0.82657
4,0.79465,0.37352,3.1786,0.9061
5,0.79465,0.37352,3.9733,0.88762
6,0.79465,0.37352,4.7679,0.77115
7,0.79465,0.37352,5.5626,0.55667
8,0.79465,0.37352,6.3572,0.2442
0,0.47883,1.2666,0,0
1,0.47883,1.2666,0.47883,1.2666
2,0.47883,1.2666,0.95766,2.4351
3,0.47883,1.2666,1.4365,3.5057
4,0.47883,1.2666,1.9153,4.4783
5,0.47883,1.2666,2.3941,5.3528
6,0.47883,1.2666,2.873,6.1294
7,0.47883,1.2666,3.3518,6.808
8,0.47883,1.2666,3.8306,7.3886
9,0.47883,1.2666,4.3095,7.8711
10,0.47883,1.2666,4.7883,8.2557
11,0.47883,1.2666,5.2671,8.5423
12,0.47883,1.2666,5.7459,8.7308
13,0.47883,1.2666,6.2248,8.8214
14,0.47883,1.2666,6.7036,8.814
15,0.47883,1.2666,7.1824,8.7085
16,0.47883,1.2666,7.6613,8.5051
17,0.47883,1.2666,8.1401,8.2037
18,0.47883,1.2666,8.6189,7.8043
19,0.47883,1.2666,9.0977,7.3068
20,0.47883,1.2666,9.5766,6.7114
21,0.47883,1.2666,10.055,6.018
22,0.47883,1.2666,10.534,5.2265
23,0.47883,1.2666,11.013,4.3371
24,0.47883,1.2666,11.492,3.3497
25,0.47883,1.2666,11.971,2.2642
26,0.47883,1.2666,12.45,1.0808
0,0.2287,1.027,0,0
1,0.2287,1.027,0.2287,1.027
2,0.2287,1.027,0.45741,1.9559
3,0.2287,1.027,0.68611,2.7869
4,0.2287,1.027,0.91481,3.5198
5,0.2287,1.027,1.1435,4.1548
6,0.2287,1.027,1.3722,4.6918
7,0.2287,1.027,1.6009,5.1307
8,0.2287,1.027,1.8296,5.4717
9,0.2287,1.027,2.0583,5.7147
10,0.2287,1.027,2.287,5.8596
11,0.2287,1.027,2.5157,5.9066
12,0.2287,1.027,2.7444,5.8555
13,0.2287,1.027,2.9731,5.7065
14,0.2287,1.027,3.2018,5.4595
15,0.2287,1.027,3.4305,5.1144
16,0.2287,1.027,3.6592,4.6714
17,0.2287,1.027,3.8879,4.1304
18,0.2287,1.027,4.1167,3.4913
19,0.2287,1.027,4.3454,2.7543
20,0.2287,1.027,4.5741,1.9192
21,0.2287,1.027,4.8028,0.98621
0,0.59363,0.32194,0,0
1,0.59363,0.32194,0.59363,0.32194
2,0.59363,0.32194,1.1873,0.54589
3,0.59363,0.32194,1.7809,0.67183
4,0.59363,0.32194,2.3745,0.69977
5,0.59363,0.32194,2.9682,0.62972
6,0.59363,0.32194,3.5618,0.46166
7,0.59363,0.32194,4.1554,0.1956
0,0.19225,0.0061275,0,0
1,0.19225,0.0061275,0.19225,0.0061275
0,0.75471,0.60706,0,0
1,0.75471,0.60706,0.75471,0.60706
2,0.75471,0.60706,1.5094,1.1161
3,0.75471,0.60706,2.2641,1.5272
4,0.75471,0.60706,3.0188,1.8402
5,0.75471,0.60706,3.7735,2.0553
6,0.75471,0.60706,4.5283,2.1724
7,0.75471,0.60706,5.283,2.1914
8,0.75471,0.60706,6.0377,2.1125
9,0.75471,0.60706,6.7924,1.9355
10,0.75471,0.60706,7.5471,1.6606
11,0.75471,0.60706,8.3018,1.2876
12,0.75471,0.60706,9.0565,0.81671
13,0.75471,0.60706,9.8112,0.24777
0,0.065114,0.1401,0,0
1,0.065114,0.1401,0.065114,0.1401
2,0.065114,0.1401,0.13023,0.18221
3,0.065114,0.1401,0.19534,0.12631
0,0.86036,1.1797,0,0
1,0.86036,1.1797,0.86036,1.1797
2,0.86036,1.1797,1.7207,2.2615
3,0.86036,1.1797,2.5811,3.2452
4,0.86036,1.1797,3.4415,4.1309
5,0.86036,1.1797,4.3018,4.9186
6,0.86036,1.1797,5.1622,5.6084
7,0.86036,1.1797,6.0226,6.2001
8,0.86036,1.1797,6.8829,6.6938
9,0.86036,1.1797,7.7433,7.0896
10,0.86036,1.1797,8.6036,7.3873
11,0.86036,1.1797,9.464,7.587
12,0.86036,1.1797,10.324,7.6887
13,0.86036,1.1797,11.185,7.6925
14,0.86036,1.1797,12.045,7.5982
15,0.86036,1.1797,12.905,7.4059
16,0.86036,1.1797,13.766,7.1156
17,0.86036,1.1797,14.626,6.7274
18,0.86036,1.1797,15.487,6.2411
19,0.86036,1.1797,16.347,5.6568
20,0.86036,1.1797,17.207,4.9746
21,0.86036,1.1797,18.068,4.1943
22,0.86036,1.1797,18.928,3.316
23,0.86036,1.1797,19.788,2.3397
24,0.86036,1.1797,20.649,1.2655
25,0.86036,1.1797,21.509,0.093202
0,1.4417,0.85186,0,0
1,1.4417,0.85186,1.4417,0.85186
2,1.4417,0.85186,2.8834,1.6057
3,1.4417,0.85186,4.325,2.2616
4,1.4417,0.85186,5.7667,2.8195
5,1.4417,0.85186,7.2084,3.2793
6,1.4417,0.85186,8.6501,3.6412
7,1.4417,0.85186,10.092,3.905
8,1.4417,0.85186,11.533,4.0709
9,1.4417,0.85186,12.975,4.1388
10,1.4417,0.85186,14.417,4.1086
11,1.4417,0.85186,15.858,3.9805
12,1.4417,0.85186,17.3,3.7544
13,1.4417,0.85186,18.742,3.4302
14,1.4417,0.85186,20.184,3.0081
15,1.4417,0.85186,21.625,2.4879
16,1.4417,0.85186,23.067,1.8698
17,1.4417,0.85186,24.509,1.1537
18,1.4417,0.85186,25.95,0.33953
